Latitude,Longitude,Daytime Score,Evening Score
52.295042,-1.570058,64.5329249840524,44.5329249840524
52.295042,-1.562762,63.377780376285536,43.377780376285536
52.295042,-1.555381,63.39806615919593,43.39806615919593
52.295042,-1.548171,63.25276068489101,43.25276068489101
52.295042,-1.540875,62.14357117296532,42.14357117296532
52.295042,-1.533494,63.385394382166695,43.385394382166695
52.295042,-1.526155,64.97053462379226,44.97053462379226
52.295042,-1.518688,65.00503346078446,45.00503346078447
52.295042,-1.511564,65.24857954545455,45.24857954545455
52.295042,-1.50414,65.09943181818181,45.09943181818182
52.295042,-1.497617,65.0,45.0
52.290777,-1.570058,64.65156806707327,44.65156806707326
52.290777,-1.562762,62.93283629984597,42.93283629984597
52.290777,-1.555381,62.5170889700963,42.5170889700963
52.290777,-1.548171,62.65947476973224,42.65947476973224
52.290777,-1.540875,61.09842731395765,41.09842731395765
52.290777,-1.533494,63.5993231508565,43.5993231508565
52.290777,-1.526155,66.05022350948298,46.05022350948298
52.290777,-1.518688,65.02862423762699,45.02862423762699
52.290777,-1.511564,65.1715472962986,45.1715472962986
52.290777,-1.50414,64.99588911751435,44.99588911751435
52.290777,-1.497617,65.0,45.0
52.286249,-1.570058,65.3483966828995,45.34839668289951
52.286249,-1.562762,64.3944981271296,44.39449812712959
52.286249,-1.555381,63.82641476592037,43.82641476592037
52.286249,-1.548171,63.643457400463646,43.643457400463646
52.286249,-1.540875,60.03003180767973,40.03003180767973
52.286249,-1.533494,61.66651067516687,41.66651067516687
52.286249,-1.526155,64.19836697563518,44.19836697563518
52.286249,-1.518688,63.43967699306085,43.43967699306085
52.286249,-1.511564,65.01629159017006,45.01629159017005
52.286249,-1.50414,64.97706317193845,44.97706317193845
52.286249,-1.497617,65.0,45.0
52.281418,-1.570058,64.92058533521075,44.92058533521074
52.281418,-1.562762,65.11387825175424,45.11387825175424
52.281418,-1.555381,64.49089358089711,44.49089358089712
52.281418,-1.548171,64.52070902634077,44.52070902634076
52.281418,-1.540875,62.07306747195557,42.07306747195557
52.281418,-1.533494,58.23188537566318,38.23188537566318
52.281418,-1.526155,60.247184130583605,40.247184130583605
52.281418,-1.518688,62.56784414723133,42.56784414723133
52.281418,-1.511564,63.20077904991209,43.20077904991209
52.281418,-1.50414,64.23608936684144,44.23608936684145
52.281418,-1.497617,65.05501799939321,45.055017999393215
52.277348,-1.570058,64.77408865308917,44.774088653089166
52.277348,-1.562762,64.6328940612699,44.63289406126989
52.277348,-1.555381,64.06108513683819,44.06108513683818
52.277348,-1.548171,64.65156806707327,44.65156806707326
52.277348,-1.540875,64.5639316373127,44.56393163731271
52.277348,-1.533494,60.1912788029188,40.1912788029188
52.277348,-1.526155,60.12365952655081,40.12365952655081
52.277348,-1.518688,61.99445869571982,41.99445869571982
52.277348,-1.511564,61.96437462075833,41.96437462075833
52.277348,-1.50414,64.03430605580881,44.03430605580881
52.277348,-1.497617,65.05090711690757,45.05090711690757
52.272517,-1.570058,64.93410919048434,44.934109190484335
52.272517,-1.562762,65.08325691775707,45.08325691775706
52.272517,-1.555381,64.85123759199041,44.85123759199042
52.272517,-1.548171,63.78492062180076,43.78492062180076
52.272517,-1.540875,64.83479406204782,44.83479406204783
52.272517,-1.533494,64.99692838555848,44.99692838555848
52.272517,-1.526155,62.40770692009087,42.40770692009087
52.272517,-1.518688,62.1461407783984,42.1461407783984
52.272517,-1.511564,63.51275029950368,43.51275029950368
52.272517,-1.50414,64.75115182502762,44.75115182502762
52.272517,-1.497617,64.96765019915051,44.967650199150505
52.268551,-1.570058,65.0,45.0
52.268551,-1.562762,65.14914772727272,45.14914772727273
52.268551,-1.555381,65.3204263940535,45.32042639405349
52.268551,-1.548171,64.62532624507958,44.62532624507958
52.268551,-1.540875,65.20627951278142,45.20627951278142
52.268551,-1.533494,65.86199930375119,45.86199930375118
52.268551,-1.526155,64.35261866374682,44.35261866374683
52.268551,-1.518688,63.86633238296019,43.86633238296019
52.268551,-1.511564,64.45404757829883,44.45404757829882
52.268551,-1.50414,64.97176108163615,44.97176108163615
52.268551,-1.497617,64.97176108163615,44.97176108163615
52.295042,-1.570058,64.5329249840524,44.5329249840524
52.295042,-1.562762,63.377780376285536,43.377780376285536
52.295042,-1.555381,63.39806615919593,43.39806615919593
52.295042,-1.548171,63.25276068489101,43.25276068489101
52.295042,-1.540875,62.14357117296532,42.14357117296532
52.295042,-1.533494,63.385394382166695,43.385394382166695
52.295042,-1.526155,64.97053462379226,44.97053462379226
52.295042,-1.518688,65.00503346078446,45.00503346078447
52.295042,-1.511564,65.24857954545455,45.24857954545455
52.295042,-1.50414,65.09943181818181,45.09943181818182
52.295042,-1.497617,65.0,45.0
52.290777,-1.570058,64.65156806707327,44.65156806707326
52.290777,-1.562762,62.93283629984597,42.93283629984597
52.290777,-1.555381,62.5170889700963,42.5170889700963
52.290777,-1.548171,62.65947476973224,42.65947476973224
52.290777,-1.540875,61.09842731395765,41.09842731395765
52.290777,-1.533494,63.5993231508565,43.5993231508565
52.290777,-1.526155,66.05022350948298,46.05022350948298
52.290777,-1.518688,65.02862423762699,45.02862423762699
52.290777,-1.511564,65.1715472962986,45.1715472962986
52.290777,-1.50414,64.99588911751435,44.99588911751435
52.290777,-1.497617,65.0,45.0
52.286249,-1.570058,65.3483966828995,45.34839668289951
52.286249,-1.562762,64.3944981271296,44.39449812712959
52.286249,-1.555381,63.82641476592037,43.82641476592037
52.286249,-1.548171,63.643457400463646,43.643457400463646
52.286249,-1.540875,60.03003180767973,40.03003180767973
52.286249,-1.533494,61.66651067516687,41.66651067516687
52.286249,-1.526155,64.19836697563518,44.19836697563518
52.286249,-1.518688,63.43967699306085,43.43967699306085
52.286249,-1.511564,65.01629159017006,45.01629159017005
52.286249,-1.50414,64.97706317193845,44.97706317193845
52.286249,-1.497617,65.0,45.0
52.281418,-1.570058,64.92058533521075,44.92058533521074
52.281418,-1.562762,65.11387825175424,45.11387825175424
52.281418,-1.555381,64.49089358089711,44.49089358089712
52.281418,-1.548171,64.52070902634077,44.52070902634076
52.281418,-1.540875,62.07306747195557,42.07306747195557
52.281418,-1.533494,58.23188537566318,38.23188537566318
52.281418,-1.526155,60.247184130583605,40.247184130583605
52.281418,-1.518688,62.56784414723133,42.56784414723133
52.281418,-1.511564,63.20077904991209,43.20077904991209
52.281418,-1.50414,64.23608936684144,44.23608936684145
52.281418,-1.497617,65.05501799939321,45.055017999393215
52.277348,-1.570058,64.77408865308917,44.774088653089166
52.277348,-1.562762,64.6328940612699,44.63289406126989
52.277348,-1.555381,64.06108513683819,44.06108513683818
52.277348,-1.548171,64.65156806707327,44.65156806707326
52.277348,-1.540875,64.5639316373127,44.56393163731271
52.277348,-1.533494,60.1912788029188,40.1912788029188
52.277348,-1.526155,60.12365952655081,40.12365952655081
52.277348,-1.518688,61.99445869571982,41.99445869571982
52.277348,-1.511564,61.96437462075833,41.96437462075833
52.277348,-1.50414,64.03430605580881,44.03430605580881
52.277348,-1.497617,65.05090711690757,45.05090711690757
52.272517,-1.570058,64.93410919048434,44.934109190484335
52.272517,-1.562762,65.08325691775707,45.08325691775706
52.272517,-1.555381,64.85123759199041,44.85123759199042
52.272517,-1.548171,63.78492062180076,43.78492062180076
52.272517,-1.540875,64.83479406204782,44.83479406204783
52.272517,-1.533494,64.99692838555848,44.99692838555848
52.272517,-1.526155,62.40770692009087,42.40770692009087
52.272517,-1.518688,62.1461407783984,42.1461407783984
52.272517,-1.511564,63.51275029950368,43.51275029950368
52.272517,-1.50414,64.75115182502762,44.75115182502762
52.272517,-1.497617,64.96765019915051,44.967650199150505
52.268551,-1.570058,65.0,45.0
52.268551,-1.562762,65.14914772727272,45.14914772727273
52.268551,-1.555381,65.3204263940535,45.32042639405349
52.268551,-1.548171,64.62532624507958,44.62532624507958
52.268551,-1.540875,65.20627951278142,45.20627951278142
52.268551,-1.533494,65.86199930375119,45.86199930375118
52.268551,-1.526155,64.35261866374682,44.35261866374683
52.268551,-1.518688,63.86633238296019,43.86633238296019
52.268551,-1.511564,64.45404757829883,44.45404757829882
52.268551,-1.50414,64.97176108163615,44.97176108163615
52.268551,-1.497617,64.97176108163615,44.97176108163615
52.295042,-1.570058,83.80522828403839,63.80522828403839
52.295042,-1.562762,82.18354348832325,62.18354348832325
52.295042,-1.555381,82.35066872948205,62.35066872948205
52.295042,-1.548171,82.05954969427286,62.05954969427286
52.295042,-1.540875,75.89825821106841,55.89825821106841
52.295042,-1.533494,75.12781052113641,55.12781052113641
52.295042,-1.526155,81.8451505200473,61.8451505200473
52.295042,-1.518688,84.58847538040857,64.58847538040857
52.295042,-1.511564,85.1065340909091,65.1065340909091
52.295042,-1.50414,85.04261363636364,65.04261363636364
52.295042,-1.497617,85.0,65.0
52.290777,-1.570058,82.71184901708338,62.71184901708338
52.290777,-1.562762,80.13568586342633,60.13568586342633
52.290777,-1.555381,80.91689818236273,60.91689818236273
52.290777,-1.548171,80.92511022318858,60.92511022318858
52.290777,-1.540875,70.84702898184307,50.847028981843074
52.290777,-1.533494,70.67779603215969,50.67779603215969
52.290777,-1.526155,81.55092462036936,61.55092462036936
52.290777,-1.518688,83.87684296866492,63.87684296866492
52.290777,-1.511564,84.5366140817295,64.5366140817295
52.290777,-1.50414,84.90141904454437,64.90141904454437
52.290777,-1.497617,85.0,65.0
52.286249,-1.570058,83.98748307998694,63.987483079986944
52.286249,-1.562762,82.08237347914364,62.08237347914364
52.286249,-1.555381,82.1909788130319,62.190978813031904
52.286249,-1.548171,81.84851628988844,61.84851628988844
52.286249,-1.540875,73.43454750634014,53.43454750634014
52.286249,-1.533494,70.73842364795482,50.73842364795482
52.286249,-1.526155,77.1661615783455,57.166161578345495
52.286249,-1.518688,80.68736945334744,60.68736945334744
52.286249,-1.511564,83.58110010229801,63.58110010229801
52.286249,-1.50414,84.87574730057723,64.87574730057723
52.286249,-1.497617,85.0,65.0
52.281418,-1.570058,84.7987320686758,64.7987320686758
52.281418,-1.562762,84.64392488875578,64.64392488875578
52.281418,-1.555381,83.32952430452913,63.32952430452913
52.281418,-1.548171,82.02204123426633,62.022041234266325
52.281418,-1.540875,78.35893498241875,58.358934982418745
52.281418,-1.533494,70.6571164213589,50.657116421358886
52.281418,-1.526155,72.89388745079583,52.89388745079582
52.281418,-1.518688,78.94065524209232,58.94065524209232
52.281418,-1.511564,80.91945077054129,60.91945077054129
52.281418,-1.50414,83.81884087213916,63.81884087213916
52.281418,-1.497617,84.93556173470975,64.93556173470975
52.277348,-1.570058,84.69193907239432,64.69193907239432
52.277348,-1.562762,84.49940099264077,64.49940099264077
52.277348,-1.555381,83.3477607237876,63.3477607237876
52.277348,-1.548171,82.71184901708338,62.71184901708338
52.277348,-1.540875,82.31341917484791,62.31341917484791
52.277348,-1.533494,76.76909919406283,56.76909919406283
52.277348,-1.526155,76.2120150568668,56.212015056866804
52.277348,-1.518688,79.13500565945264,59.135005659452645
52.277348,-1.511564,80.11670919359607,60.116709193596066
52.277348,-1.50414,83.45070660502856,63.45070660502856
52.277348,-1.497617,84.83698077925412,64.83698077925412
52.272517,-1.570058,84.910148896115,64.910148896115
52.272517,-1.562762,84.97406935066046,64.97406935066046
52.272517,-1.555381,83.77441489816876,63.77441489816876
52.272517,-1.548171,82.36683390576137,62.36683390576137
52.272517,-1.540875,83.3800910763462,63.380091076346204
52.272517,-1.533494,82.90386928609213,62.90386928609213
52.272517,-1.526155,80.2098896017768,60.209889601776794
52.272517,-1.518688,80.64349775566723,60.64349775566723
52.272517,-1.511564,82.97193222659592,62.971932226595925
52.272517,-1.50414,84.56768637297155,64.56768637297155
52.272517,-1.497617,84.86291142859366,64.86291142859366
52.268551,-1.570058,85.0,65.0
52.268551,-1.562762,85.06392045454545,65.06392045454545
52.268551,-1.555381,84.27475500015558,64.27475500015558
52.268551,-1.548171,83.46635397056306,63.46635397056306
52.268551,-1.540875,84.30505057528045,64.30505057528045
52.268551,-1.533494,84.59487508362764,64.59487508362764
52.268551,-1.526155,83.4198932191589,63.419893219158894
52.268551,-1.518688,83.36111440651595,63.36111440651595
52.268551,-1.511564,84.25551942495294,64.25551942495294
52.268551,-1.50414,84.96149238404928,64.96149238404928
52.268551,-1.497617,84.96149238404928,64.96149238404928
