Latitude,Longitude,Year,Crime Score,Crime Severity Score,Public Space Score,Safety Score
52.295042,-1.570058,2021,0.017970221,0.633333333,0,34.75617548
52.295042,-1.562762,2021,0.011809002,0.663768116,0,37.47437414
52.295042,-1.555381,2021,0.010439843,0.645901639,0.003115265,51.17941121
52.295042,-1.548171,2021,0.020195105,0.519827586,0.00623053,40.83982702
52.295042,-1.540875,2021,0.08317645,0.558974359,0.015576324,41.23211333
52.295042,-1.533494,2021,0.107479035,0.574958814,0.07165109,42.12779
52.295042,-1.526155,2021,0.047749444,0.645487365,0.034267913,49.68727485
52.295042,-1.518688,2021,0.00102687,0.65,0.003115265,51.99333174
52.295042,-1.511564,2021,0,0,0,65
52.295042,-1.50414,2021,0,0,0,65
52.295042,-1.497617,2021,0,0,0,65
52.290777,-1.570058,2021,0.016429916,0.64,0,35.35878829
52.290777,-1.562762,2021,0.045866849,0.669811321,0,36.12713487
52.290777,-1.555381,2021,0.019510525,0.611403509,0.00623053,48.05143435
52.290777,-1.548171,2021,0.030121513,0.552023121,0.00623053,42.92508593
52.290777,-1.540875,2021,0.153174739,0.562096774,0.093457944,39.48168896
52.290777,-1.533494,2021,0.210508301,0.549244966,0.130841121,36.65256418
52.290777,-1.526155,2021,0.04381311,0.643873518,0.018691589,49.53344717
52.290777,-1.518688,2021,0.006161219,0.603030303,0.012461059,48.13210801
52.290777,-1.511564,2021,0.00205374,0.5,0.009345794,40.05803734
52.290777,-1.50414,2021,0,0,0,65
52.290777,-1.497617,2021,0,0,0,65
52.286249,-1.570058,2021,0.016258771,0.507368421,0,24.92953872
52.286249,-1.562762,2021,0.033202122,0.576804124,0,29.61224022
52.286249,-1.555381,2021,0.007872668,0.576086957,0.003115265,45.77085818
52.286249,-1.548171,2021,0.009755263,0.526315789,0.00623053,41.7879732
52.286249,-1.540875,2021,0.052712648,0.569666667,0.00623053,43.26450022
52.286249,-1.533494,2021,0.153345884,0.622045455,0.15576324,44.46903615
52.286249,-1.526155,2021,0.058189286,0.572672673,0.015576324,43.38158554
52.286249,-1.518688,2021,0.032859832,0.592146597,0.009345794,45.95528764
52.286249,-1.511564,2021,0.010782132,0.684126984,0.00623053,54.23350885
52.286249,-1.50414,2021,0.00034229,0.85,0,52.97672429
52.286249,-1.497617,2021,0,0,0,65
52.281418,-1.570058,2021,0.002396029,0.642857143,0,36.30534706
52.281418,-1.562762,2021,0.004792059,0.561538462,0,29.70780289
52.281418,-1.555381,2021,0.008557248,0.565306122,0.00623053,44.93095057
52.281418,-1.548171,2021,0.042957385,0.406557377,0.021806854,31.45452163
52.281418,-1.540875,2021,0.054424097,0.544968553,0.00623053,41.3181885
52.281418,-1.533494,2021,0.113297963,0.615184049,0.068535826,44.66683332
52.281418,-1.526155,2021,0.069142564,0.59164557,0.018691589,44.33938808
52.281418,-1.518688,2021,0.067602259,0.631457801,0.012461059,47.28850202
52.281418,-1.511564,2021,0.039705631,0.659130435,0.003115265,50.68346859
52.281418,-1.50414,2021,0.004620914,0.688888889,0,39.85644741
52.281418,-1.497617,2021,0.00171145,0.5,0,24.93154202
52.277348,-1.570058,2021,0.001198015,0.585714286,0,31.80100731
52.277348,-1.562762,2021,0.00102687,0.433333333,0,19.63106852
52.277348,-1.555381,2021,0.004963204,0.517241379,0,26.17393639
52.277348,-1.548171,2021,0.032346397,0.390710383,0.024922118,30.61961651
52.277348,-1.540875,2021,0.015231901,0.605617978,0.012461059,47.89837702
52.277348,-1.533494,2021,0.074105768,0.588262911,0.021806854,43.9006417
52.277348,-1.526155,2021,0.057846996,0.605405405,0.012461059,45.81767758
52.277348,-1.518688,2021,0.037823036,0.646153846,0.009345794,49.87733459
52.277348,-1.511564,2021,0.027212049,0.632278481,0.009345794,49.34601798
52.277348,-1.50414,2021,0.003594044,0.528571429,0,27.13373756
52.277348,-1.497617,2021,0.003594044,0.533333333,0.012461059,42.70023667
52.272517,-1.570058,2021,0.000513435,0.566666667,0,30.31005762
52.272517,-1.562762,2021,0.00068458,0.425,0,18.97672429
52.272517,-1.555381,2021,0.014547322,0.644705882,0.00623053,50.91962903
52.272517,-1.548171,2021,0.005305494,0.661290323,0.003115265,52.66927704
52.272517,-1.540875,2021,0.004963204,0.631034483,0,35.2322024
52.272517,-1.533494,2021,0.022933425,0.544029851,0.00623053,42.6177286
52.272517,-1.526155,2021,0.026527469,0.609090909,0.012461059,47.62157741
52.272517,-1.518688,2021,0.023618004,0.70729927,0.003115265,55.29427079
52.272517,-1.511564,2021,0.011637857,0.695588235,0.003115265,55.04617527
52.272517,-1.50414,2021,0.000513435,1,0,64.95892521
52.272517,-1.497617,2021,0.001198015,0.771428571,0.00623053,61.73380904
52.268551,-1.570058,2021,0,0,0,65
52.268551,-1.562762,2021,0,0,0,65
52.268551,-1.555381,2021,0.012664727,0.667567568,0.003115265,52.7757695
52.268551,-1.548171,2021,0.008043813,0.644680851,0,36.1596127
52.268551,-1.540875,2021,0.011466712,0.529850746,0.012461059,42.0889239
52.268551,-1.533494,2021,0.007188088,0.561904762,0.012461059,44.81617516
52.268551,-1.526155,2021,0.008557248,0.567346939,0.012461059,45.18627671
52.268551,-1.518688,2021,0.006332364,0.688888889,0.003115265,54.80885649
52.268551,-1.511564,2021,0,0,0,65
52.268551,-1.50414,2021,0,0,0,65
52.268551,-1.497617,2021,0,0,0,65
52.295042,-1.570058,2022,0.020858473,0.604958678,0,32.38721309
52.295042,-1.562762,2022,0.016721255,0.603092784,0,32.44066522
52.295042,-1.555381,2022,0.008619204,0.56,0.003115265,44.46058865
52.295042,-1.548171,2022,0.017927943,0.490196078,0.00623053,38.60608761
52.295042,-1.540875,2022,0.099293225,0.603417266,0.015576324,43.71380643
52.295042,-1.533494,2022,0.124116532,0.598435277,0.07165109,43.00753166
52.295042,-1.526155,2022,0.031891053,0.662702703,0.034267913,51.83949193
52.295042,-1.518688,2022,0,0,0.003115265,80.04672897
52.295042,-1.511564,2022,0,0,0,65
52.295042,-1.50414,2022,0,0,0,65
52.295042,-1.497617,2022,0,0,0,65
52.290777,-1.570058,2022,0.019651784,0.637719298,0,35.0149581
52.290777,-1.562762,2022,0.049474229,0.609059233,0,31.31411982
52.290777,-1.555381,2022,0.017755559,0.555882353,0.00623053,43.77444601
52.290777,-1.548171,2022,0.031891053,0.57,0.00623053,44.23922591
52.290777,-1.540875,2022,0.182209964,0.588035019,0.093457944,39.87300355
52.290777,-1.533494,2022,0.246853991,0.567430208,0.130841121,36.15124053
52.290777,-1.526155,2022,0.034476814,0.629441624,0.018691589,48.89961242
52.290777,-1.518688,2022,0.00551629,0.585714286,0.012461059,46.78558114
52.290777,-1.511564,2022,0.00086192,0.42,0.009345794,33.71122639
52.290777,-1.50414,2022,0,0,0,65
52.290777,-1.497617,2022,0,0,0,65
52.286249,-1.570058,2022,0.022409929,0.502325581,0,24.28548005
52.286249,-1.562762,2022,0.04912946,0.514893617,0,24.16777371
52.286249,-1.555381,2022,0.007929667,0.597674419,0.003115265,47.48153372
52.286249,-1.548171,2022,0.018789864,0.512264151,0.00623053,40.30456013
52.286249,-1.540875,2022,0.056197207,0.563836478,0.00623053,42.66549334
52.286249,-1.533494,2022,0.148422686,0.618735084,0.15576324,44.48850945
52.286249,-1.526155,2022,0.041027409,0.573706897,0.015576324,44.24717998
52.286249,-1.518688,2022,0.021548009,0.548387097,0.009345794,43.06582265
52.286249,-1.511564,2022,0.005171522,0.523333333,0.00623053,41.74361022
52.286249,-1.50414,2022,0.000689536,0.6,0,32.96690226
52.286249,-1.497617,2022,0,0,0,65
52.281418,-1.570058,2022,0.002068609,0.727272727,0,43.06146276
52.281418,-1.562762,2022,0.008102051,0.608695652,0,33.3011175
52.281418,-1.555381,2022,0.009998276,0.505555556,0.00623053,40.13352766
52.281418,-1.548171,2022,0.046026547,0.379761905,0.021806854,29.30972485
52.281418,-1.540875,2022,0.048957076,0.556428571,0.00623053,42.42845437
52.281418,-1.533494,2022,0.100844682,0.660278746,0.068535826,48.52348903
52.281418,-1.526155,2022,0.054300983,0.585667752,0.018691589,44.58960727
52.281418,-1.518688,2022,0.043785554,0.619444444,0.012461059,47.57265398
52.281418,-1.511564,2022,0.035511119,0.606796117,0.003115265,46.86657758
52.281418,-1.50414,2022,0.007240131,0.671428571,0,38.32538725
52.281418,-1.497617,2022,0.000689536,0.625,0,34.96552319
52.277348,-1.570058,2022,0.001206689,0.514285714,0,26.09321053
52.277348,-1.562762,2022,0.001206689,0.557142857,0,29.51764474
52.277348,-1.555381,2022,0.011032581,0.6171875,0,33.83026633
52.277348,-1.548171,2022,0.039993105,0.34279476,0.024922118,26.70065843
52.277348,-1.540875,2022,0.018962248,0.634545455,0.012461059,49.9879596
52.277348,-1.533494,2022,0.06223065,0.684444444,0.021806854,51.67518455
52.277348,-1.526155,2022,0.043440786,0.666932271,0.012461059,51.22373259
52.277348,-1.518688,2022,0.036717807,0.539903846,0.009345794,41.74656778
52.277348,-1.511564,2022,0.034132046,0.540206186,0.009345794,41.88161436
52.277348,-1.50414,2022,0.002758145,0.675,0,38.85106016
52.277348,-1.497617,2022,0.00465437,0.696296296,0.012461059,55.63135395
52.272517,-1.570058,2022,0.00086192,0.54,0,28.16276504
52.272517,-1.562762,2022,0.002930529,0.552941176,0,29.1056613
52.272517,-1.555381,2022,0.018789864,0.634862385,0.00623053,49.92813055
52.272517,-1.548171,2022,0.006550595,0.602631579,0.003115265,47.94144767
52.272517,-1.540875,2022,0.006033443,0.771428571,0,46.34193612
52.272517,-1.533494,2022,0.028098604,0.669375,0.00623053,52.13877772
52.272517,-1.526155,2022,0.025512843,0.747297297,0.012461059,58.44544541
52.272517,-1.518688,2022,0.022582313,0.761538462,0.003115265,59.59402188
52.272517,-1.511564,2022,0.009481124,0.72037037,0.003115265,57.12996494
52.272517,-1.50414,2022,0.00086192,0.68,0,39.35311153
52.272517,-1.497617,2022,0.001723841,0.61,0.00623053,48.80933452
52.268551,-1.570058,2022,0,0,0,65
52.268551,-1.562762,2022,0.002068609,0.616666667,0,34.23128196
52.268551,-1.555381,2022,0.01482503,0.651764706,0.003115265,51.41491093
52.268551,-1.548171,2022,0.006722979,0.753846154,0,44.90224497
52.268551,-1.540875,2022,0.008102051,0.719565217,0.012461059,57.28573693
52.268551,-1.533494,2022,0.016204103,0.661363636,0.012461059,52.23866245
52.268551,-1.526155,2022,0.014307878,0.708433735,0.012461059,56.05072001
52.268551,-1.518688,2022,0.004999138,0.793103448,0.003115265,63.17781814
52.268551,-1.511564,2022,0.000172384,0.4,0,16.99448371
52.268551,-1.50414,2022,0,0,0,65
52.268551,-1.497617,2022,0,0,0,65
52.295042,-1.570058,2023,0.018338917,0.735576923,0,42.7669791
52.295042,-1.562762,2023,0.014459531,0.804878049,0,48.45919118
52.295042,-1.555381,2023,0.006700758,0.623684211,0.003115265,49.60713324
52.295042,-1.548171,2023,0.018162582,0.37961165,0.00623053,29.91081178
52.295042,-1.540875,2023,0.071415976,0.588520408,0.015576324,43.95289676
52.295042,-1.533494,2023,0.104214424,0.56271777,0.07165109,41.40072328
52.295042,-1.526155,2023,0.027684712,0.615584416,0.034267913,48.39738977
52.295042,-1.518688,2023,0,0,0.003115265,80.04672897
52.295042,-1.511564,2023,0,0,0,65
52.295042,-1.50414,2023,0,0,0,65
52.295042,-1.497617,2023,0,0,0,65
52.290777,-1.570058,2023,0.021512961,0.695041322,0,39.40711405
52.290777,-1.562762,2023,0.050784694,0.683859649,0,36.93040369
52.290777,-1.555381,2023,0.01534121,0.597701149,0.00623053,47.17599321
52.290777,-1.548171,2023,0.027155704,0.474675325,0.00623053,37.03627249
52.290777,-1.540875,2023,0.175983072,0.531729785,0.093457944,36.45421669
52.290777,-1.533494,2023,0.242285311,0.512649701,0.130841121,33.03799349
52.290777,-1.526155,2023,0.035972492,0.574747475,0.018691589,44.60616391
52.290777,-1.518688,2023,0.005290072,0.442857143,0.012461059,35.42806761
52.290777,-1.511564,2023,0.001763357,0.51,0.009345794,40.86824193
52.290777,-1.50414,2023,0,0,0,65
52.290777,-1.497617,2023,0,0,0,65
52.286249,-1.570058,2023,0.012872509,0.501388889,0,24.59478046
52.286249,-1.562762,2023,0.043731264,0.525514403,0,25.20263952
52.286249,-1.555381,2023,0.007406101,0.6,0.003115265,47.69123611
52.286249,-1.548171,2023,0.028742726,0.398773006,0.00623053,31.07835257
52.286249,-1.540875,2023,0.085522835,0.489375,0.00623053,35.89523893
52.286249,-1.533494,2023,0.143360959,0.61296061,0.15576324,44.34332771
52.286249,-1.526155,2023,0.0463763,0.590661479,0.015576324,45.29514761
52.286249,-1.518688,2023,0.025568683,0.597916667,0.009345794,46.75048492
52.286249,-1.511564,2023,0.006171751,0.671428571,0.00623053,53.47623246
52.286249,-1.50414,2023,0,0,0,65
52.286249,-1.497617,2023,0,0,0,65
52.281418,-1.570058,2023,0.001410686,0.375,0,14.95767942
52.281418,-1.562762,2023,0.012167166,0.682352941,0,38.92405116
52.281418,-1.555381,2023,0.01780991,0.606,0.00623053,47.7100335
52.281418,-1.548171,2023,0.065420561,0.39862259,0.021806854,30.1306609
52.281418,-1.540875,2023,0.060659496,0.495588235,0.00623053,37.33554617
52.281418,-1.533494,2023,0.101216717,0.635053381,0.068535826,46.6900664
52.281418,-1.526155,2023,0.061188503,0.616863905,0.018691589,46.60988795
52.281418,-1.518688,2023,0.048668665,0.624908425,0.012461059,47.74651317
52.281418,-1.511564,2023,0.026979369,0.601333333,0.003115265,46.85550814
52.281418,-1.50414,2023,0.004232058,0.647826087,0,36.60675596
52.281418,-1.497617,2023,0.000705343,0.575,0,30.96755422
52.277348,-1.570058,2023,0.00123435,0.616666667,0,34.27243872
52.277348,-1.562762,2023,0.003526715,0.685,0,39.60673603
52.277348,-1.555381,2023,0.024157997,0.620588235,0,33.44768533
52.277348,-1.548171,2023,0.042496914,0.406808511,0.024922118,31.53546412
52.277348,-1.540875,2023,0.018867925,0.595192308,0.012461059,46.90389702
52.277348,-1.533494,2023,0.059425145,0.629393939,0.021806854,47.68647184
52.277348,-1.526155,2023,0.042144243,0.636480687,0.012461059,48.9594511
52.277348,-1.518688,2023,0.037559513,0.637264151,0.009345794,49.20649248
52.277348,-1.511564,2023,0.025216011,0.585714286,0.009345794,45.81577953
52.277348,-1.50414,2023,0.003879386,0.676190476,0,38.88538177
52.277348,-1.497617,2023,0.004761065,0.648148148,0.012461059,51.7918977
52.272517,-1.570058,2023,0.00123435,0.616666667,0,34.27243872
52.272517,-1.562762,2023,0.006877094,0.594871795,0,32.26246445
52.272517,-1.555381,2023,0.021336625,0.692561983,0.00623053,54.3162618
52.272517,-1.548171,2023,0.005466408,0.522580645,0.003115265,41.62464946
52.272517,-1.540875,2023,0.003879386,0.422727273,0,18.68698803
52.272517,-1.533494,2023,0.020454946,0.613157895,0.00623053,48.14272058
52.272517,-1.526155,2023,0.022923647,0.70703125,0.012461059,55.45279713
52.272517,-1.518688,2023,0.022570975,0.71953125,0.003115265,56.30998722
52.272517,-1.511564,2023,0.011109152,0.749206349,0.003115265,59.31739314
52.272517,-1.50414,2023,0.002116029,0.708333333,0,41.54675836
52.272517,-1.497617,2023,0.003350379,0.694736842,0.00623053,55.48619477
52.268551,-1.570058,2023,0,0,0,65
52.268551,-1.562762,2023,0.002997708,0.723529412,0,42.70883857
52.268551,-1.555381,2023,0.019220596,0.703669725,0.003115265,55.25831083
52.268551,-1.548171,2023,0.008640451,0.630612245,0,35.01307763
52.268551,-1.540875,2023,0.004584729,0.492307692,0.012461059,39.39096347
52.268551,-1.533494,2023,0.01075648,0.633333333,0.012461059,50.30858755
52.268551,-1.526155,2023,0.010580145,0.652542373,0.012461059,51.83798631
52.268551,-1.518688,2023,0.005642744,0.715625,0.003115265,56.97368189
52.268551,-1.511564,2023,0.000529007,1,0,64.95767942
52.268551,-1.50414,2023,0,0,0,65
52.268551,-1.497617,2023,0,0,0,65
