Latitude,Longitude,Year,Num Crimes,Num Public Spaces,Crime Score,Crime Severity Score,Public Space Score,Safety Score,Num Public Space,Severity
52.295042,-1.570058,2021,105,,28.80620685720806,,0.0,13.806206857208055,0.0,6.333333333333333
52.295042,-1.562762,2021,69,,26.580905679284264,,0.0,11.580905679284264,0.0,6.63768115942029
52.295042,-1.555381,2021,61,,28.032130361957567,,0.0467289719626168,28.07885933392018,1.0,6.459016393442623
52.295042,-1.548171,2021,118,,37.63802250851299,,0.0934579439252336,37.73148045243822,2.0,5.198275862068965
52.295042,-1.540875,2021,486,,32.3474154916907,,0.2336448598130841,32.58106035150378,5.0,5.589743589743589
52.295042,-1.533494,2021,628,,30.34865357976328,,1.074766355140187,31.423419934903464,23.0,5.749588138385502
52.295042,-1.526155,2021,279,,27.00678833817008,,0.514018691588785,27.52080702975887,11.0,6.4548736462093865
52.295042,-1.518688,2021,6,,27.9712476467568,,0.0467289719626168,28.017976618719416,1.0,6.5
52.295042,-1.511564,2021,0,,80.0,,0.0,65.0,0.0,0.0
52.295042,-1.50414,2021,0,,80.0,,0.0,65.0,0.0,0.0
52.295042,-1.497617,2021,0,,80.0,,0.0,65.0,0.0,0.0
52.290777,-1.570058,2021,96,,28.32681841519767,,0.0,13.326818415197668,0.0,6.4
52.290777,-1.562762,2021,268,,25.203517190381007,,0.0,10.203517190381008,0.0,6.69811320754717
52.290777,-1.555381,2021,114,,30.481181560781984,,0.0934579439252336,30.57463950470722,2.0,6.114035087719298
52.290777,-1.548171,2021,176,,34.75865098200604,,0.0934579439252336,34.85210892593127,2.0,5.520231213872832
52.290777,-1.540875,2021,895,,29.66620107876533,,1.4018691588785046,31.068070237643827,30.0,5.620967741935484
52.290777,-1.533494,2021,1230,,28.46938859898897,,1.9626168224299063,30.43200542141889,42.0,5.492449664429531
52.290777,-1.526155,2021,256,,27.241877886380045,,0.2803738317757009,27.522251718155744,6.0,6.438735177865612
52.290777,-1.518688,2021,36,,31.561910392648027,,0.1869158878504672,31.74882628049849,4.0,6.03030303030303
52.290777,-1.511564,2021,12,,39.917850419305154,,0.1401869158878504,40.058037335193006,3.0,5.0
52.290777,-1.50414,2021,0,,80.0,,0.0,65.0,0.0,0.0
52.290777,-1.497617,2021,0,,80.0,,0.0,65.0,0.0,0.0
52.286249,-1.570058,2021,95,,38.76975958636966,,0.0,23.76975958636965,0.0,5.073684210526316
52.286249,-1.562762,2021,194,,32.731590007251604,,0.0,17.731590007251604,0.0,5.768041237113402
52.286249,-1.555381,2021,46,,33.64605734100261,,0.0467289719626168,33.692786312965225,1.0,5.760869565217392
52.286249,-1.548171,2021,57,,37.525063728978445,,0.0934579439252336,37.61852167290368,2.0,5.2631578947368425
52.286249,-1.540875,2021,308,,32.61194591819271,,0.0934579439252336,32.70540386211794,2.0,5.696666666666666
52.286249,-1.533494,2021,896,,25.59974172669705,,2.336448598130841,27.93619032482789,50.0,6.220454545454546
52.286249,-1.526155,2021,340,,32.19691640982074,,0.2336448598130841,32.43056126963382,5.0,5.726726726726727
52.286249,-1.518688,2021,192,,31.556112697611944,,0.1401869158878504,31.6962996134998,3.0,5.921465968586388
52.286249,-1.511564,2021,63,,24.997378493870023,,0.0934579439252336,25.090836437795257,2.0,6.841269841269841
52.286249,-1.50414,2021,2,,11.99589252096526,,0.0,-3.004107479034742,0.0,8.5
52.286249,-1.497617,2021,0,,80.0,,0.0,65.0,0.0,0.0
52.281418,-1.570058,2021,14,,28.502970587516195,,0.0,13.502970587516192,0.0,6.428571428571429
52.281418,-1.562762,2021,28,,34.908832396424394,,0.0,19.9088323964244,0.0,5.615384615384615
52.281418,-1.555381,2021,50,,34.47792753931969,,0.0934579439252336,34.57138548324492,2.0,5.653061224489796
52.281418,-1.548171,2021,251,,45.43599038221439,,0.3271028037383177,45.76309318595271,7.0,4.065573770491803
52.281418,-1.540875,2021,318,,34.421341668846345,,0.0934579439252336,34.514799612771576,2.0,5.449685534591195
52.281418,-1.533494,2021,662,,27.29736699254207,,1.02803738317757,28.32540437571964,22.0,6.151840490797546
52.281418,-1.526155,2021,404,,30.40958065152069,,0.2803738317757009,30.6899544832964,6.0,5.916455696202532
52.281418,-1.518688,2021,395,,27.49023313795378,,0.1869158878504672,27.677149025804248,4.0,6.31457800511509
52.281418,-1.511564,2021,232,,26.18680993236054,,0.0467289719626168,26.23353890432315,1.0,6.591304347826087
52.281418,-1.50414,2021,27,,24.773879475916097,,0.0,9.773879475916097,0.0,6.888888888888889
52.281418,-1.497617,2021,10,,39.931542016087626,,0.0,24.931542016087626,0.0,5.0
52.277348,-1.570058,2021,7,,33.10315151218797,,0.0,18.10315151218797,0.0,5.857142857142857
52.277348,-1.562762,2021,6,,45.28678190427292,,0.0,30.28678190427292,0.0,4.333333333333333
52.277348,-1.555381,2021,29,,38.42900730021776,,0.0,23.42900730021776,0.0,5.172413793103448
52.277348,-1.548171,2021,189,,47.16650347106294,,0.3738317757009345,47.54033524676387,8.0,3.907103825136612
52.277348,-1.540875,2021,89,,31.069986750687946,,0.1869158878504672,31.256902638538413,4.0,6.056179775280899
52.277348,-1.533494,2021,433,,30.497999693063967,,0.3271028037383177,30.82510249680228,7.0,5.882629107981221
52.277348,-1.526155,2021,338,,29.74147859994172,,0.1869158878504672,29.928394487792183,4.0,6.054054054054054
52.277348,-1.518688,2021,221,,27.23700943930278,,0.1401869158878504,27.37719635519063,3.0,6.461538461538462
52.277348,-1.511564,2021,159,,28.617205051159345,,0.1401869158878504,28.7573919670472,3.0,6.322784810126582
52.277348,-1.50414,2021,21,,37.578738906139215,,0.0,22.578738906139208,0.0,5.285714285714286
52.277348,-1.497617,2021,21,,37.19915568486508,,0.1869158878504672,37.38607157271554,4.0,5.333333333333333
52.272517,-1.570058,2021,3,,34.64886759084945,,0.0,19.64886759084945,0.0,5.666666666666667
52.272517,-1.562762,2021,4,,45.96850932740031,,0.0,30.968509327400305,0.0,4.25
52.272517,-1.555381,2021,85,,28.01004318893397,,0.0934579439252336,28.1035011328592,2.0,6.447058823529412
52.272517,-1.548171,2021,31,,26.9530124273324,,0.0467289719626168,26.99974139929501,1.0,6.612903225806452
52.272517,-1.540875,2021,29,,29.370741293737865,,0.0,14.37074129373786,0.0,6.310344827586207
52.272517,-1.533494,2021,134,,35.641055376889305,,0.0934579439252336,35.73451332081453,2.0,5.440298507462686
52.272517,-1.526155,2021,155,,30.44314097677096,,0.1869158878504672,30.63005686462144,4.0,6.090909090909091
52.272517,-1.518688,2021,138,,22.86301782281125,,0.0467289719626168,22.909746794773863,1.0,7.072992700729927
52.272517,-1.511564,2021,68,,24.069525123073355,,0.0467289719626168,24.116254095035973,1.0,6.955882352941177
52.272517,-1.50414,2021,3,,0.0,,0.0,-15.0,0.0,10.0
52.272517,-1.497617,2021,7,,18.263807730862325,,0.0934579439252336,18.35726567478756,2.0,7.714285714285714
52.268551,-1.570058,2021,0,,80.0,,0.0,65.0,0.0,0.0
52.268551,-1.562762,2021,0,,80.0,,0.0,65.0,0.0,0.0
52.268551,-1.555381,2021,74,,26.25778131374572,,0.0467289719626168,26.30451028570833,1.0,6.675675675675675
52.268551,-1.548171,2021,47,,28.196882248626288,,0.0,13.196882248626288,0.0,6.446808510638298
52.268551,-1.540875,2021,67,,37.18065499985951,,0.1869158878504672,37.36757088770998,4.0,5.298507462686567
52.268551,-1.533494,2021,42,,34.79569366682151,,0.1869158878504672,34.98260955467199,4.0,5.619047619047619
52.268551,-1.526155,2021,50,,34.31605933490973,,0.1869158878504672,34.502975222760206,4.0,5.673469387755102
52.268551,-1.518688,2021,37,,24.731283397037288,,0.0467289719626168,24.7780123689999,1.0,6.888888888888889
52.268551,-1.511564,2021,0,,80.0,,0.0,65.0,0.0,0.0
52.268551,-1.50414,2021,0,,80.0,,0.0,65.0,0.0,0.0
52.268551,-1.497617,2021,0,,80.0,,0.0,65.0,0.0,0.0
52.295042,-1.570058,2022,121,,30.94410909489814,,0.0,15.944109094898142,0.0,6.049586776859504
52.295042,-1.562762,2022,97,,31.22163437871537,,0.0,16.221634378715365,0.0,6.030927835051546
52.295042,-1.555381,2022,50,,34.896604033787284,,0.0467289719626168,34.9433330057499,1.0,5.6
52.295042,-1.548171,2022,104,,40.05313485504527,,0.0934579439252336,40.1465927989705,2.0,4.901960784313726
52.295042,-1.540875,2022,576,,28.576380405759863,,0.2336448598130841,28.81002526557295,5.0,6.034172661870503
52.295042,-1.533494,2022,720,,28.137912161610437,,1.074766355140187,29.21267851675062,23.0,5.984352773826458
52.295042,-1.526155,2022,185,,26.123242497798607,,0.514018691588785,26.63726118938739,11.0,6.627027027027027
52.295042,-1.518688,2022,0,,80.0,,0.0467289719626168,80.04672897196262,1.0,0.0
52.295042,-1.511564,2022,0,,80.0,,0.0,65.0,0.0,0.0
52.295042,-1.50414,2022,0,,80.0,,0.0,65.0,0.0,0.0
52.295042,-1.497617,2022,0,,80.0,,0.0,65.0,0.0,0.0
52.290777,-1.570058,2022,114,,28.412899167415176,,0.0,13.412899167415176,0.0,6.37719298245614
52.290777,-1.562762,2022,287,,29.72794189635693,,0.0,14.727941896356931,0.0,6.090592334494773
52.290777,-1.555381,2022,103,,34.89856718415689,,0.0934579439252336,34.99202512808212,2.0,5.5588235294117645
52.290777,-1.548171,2022,185,,33.30294776762627,,0.0934579439252336,33.396405711551495,2.0,5.7
52.290777,-1.540875,2022,1057,,26.952068508247265,,1.4018691588785046,28.353937667125773,30.0,5.88035019455253
52.290777,-1.533494,2022,1432,,26.06305703222743,,1.9626168224299063,28.02567385465733,42.0,5.674302075876879
52.290777,-1.526155,2022,200,,28.62261626518095,,0.2803738317757009,28.90299009695666,6.0,6.294416243654823
52.290777,-1.518688,2022,32,,32.960031521658834,,0.1869158878504672,33.146947409509295,4.0,5.857142857142857
52.290777,-1.511564,2022,5,,46.36000689536287,,0.1401869158878504,46.50019381125072,3.0,4.2
52.290777,-1.50414,2022,0,,80.0,,0.0,65.0,0.0,0.0
52.290777,-1.497617,2022,0,,80.0,,0.0,65.0,0.0,0.0
52.286249,-1.570058,2022,130,,38.92172560464715,,0.0,23.92172560464715,0.0,5.023255813953488
52.286249,-1.562762,2022,285,,36.90186945024153,,0.0,21.901869450241527,0.0,5.148936170212766
52.286249,-1.555381,2022,46,,31.93082187112888,,0.0467289719626168,31.97755084309149,1.0,5.976744186046512
52.286249,-1.548171,2022,109,,38.28570870994916,,0.0934579439252336,38.37916665387439,2.0,5.122641509433962
52.286249,-1.540875,2022,326,,32.93218800922417,,0.0934579439252336,33.02564595314941,2.0,5.638364779874214
52.286249,-1.533494,2022,861,,25.97412428685861,,2.336448598130841,28.31057288498945,50.0,6.187350835322196
52.286249,-1.526155,2022,238,,32.70427215283929,,0.2336448598130841,32.93791701265236,5.0,5.737068965517241
52.286249,-1.518688,2022,125,,35.350523547108125,,0.1401869158878504,35.49071046299598,3.0,5.483870967741935
52.286249,-1.511564,2022,30,,37.93612595529506,,0.0934579439252336,38.02958389922029,2.0,5.233333333333333
52.286249,-1.50414,2022,4,,31.977934838820893,,0.0,16.977934838820893,0.0,6.0
52.286249,-1.497617,2022,0,,80.0,,0.0,65.0,0.0,0.0
52.281418,-1.570058,2022,12,,21.77304853395183,,0.0,6.77304853395183,0.0,7.272727272727272
52.281418,-1.562762,2022,47,,31.050718391881457,,0.0,16.050718391881457,0.0,6.086956521739131
52.281418,-1.555381,2022,58,,39.16006818747726,,0.0934579439252336,39.25352613140249,2.0,5.055555555555555
52.281418,-1.548171,2022,267,,47.33525418441813,,0.3271028037383177,47.662356988156446,7.0,3.797619047619048
52.281418,-1.540875,2022,284,,33.74843746152141,,0.0934579439252336,33.84189540544665,2.0,5.564285714285714
52.281418,-1.533494,2022,585,,24.43697380062431,,1.02803738317757,25.46501118380187,22.0,6.602787456445993
52.281418,-1.526155,2022,315,,31.34668795170101,,0.2803738317757009,31.62706178347672,6.0,5.856677524429967
52.281418,-1.518688,2022,254,,29.11141757168304,,0.1869158878504672,29.29833345953351,4.0,6.194444444444445
52.281418,-1.511564,2022,206,,30.339261894919357,,0.0467289719626168,30.38599086688197,1.0,6.067961165048544
52.281418,-1.50414,2022,42,,26.095402270544486,,0.0,11.095402270544486,0.0,6.714285714285714
52.281418,-1.497617,2022,4,,29.97931391139459,,0.0,14.979313911394584,0.0,6.25
52.277348,-1.570058,2022,7,,38.81025438963725,,0.0,23.810254389637244,0.0,5.142857142857143
52.277348,-1.562762,2022,7,,35.38582017878691,,0.0,20.385820178786908,0.0,5.571428571428571
52.277348,-1.555381,2022,64,,30.28712721944493,,0.0,15.287127219444926,0.0,6.171875
52.277348,-1.548171,2022,232,,50.47372497890365,,0.3738317757009345,50.84755675460458,8.0,3.427947598253275
52.277348,-1.540875,2022,110,,28.68197646173857,,0.1869158878504672,28.86889234958904,4.0,6.345454545454546
52.277348,-1.533494,2022,361,,23.67346626060641,,0.3271028037383177,24.00056906434473,7.0,6.844444444444444
52.277348,-1.526155,2022,252,,25.48792040938126,,0.1869158878504672,25.67483629723173,4.0,6.669322709163347
52.277348,-1.518688,2022,213,,35.4561945553154,,0.1401869158878504,35.596381471203244,3.0,5.399038461538462
52.277348,-1.511564,2022,198,,35.52800885734241,,0.1401869158878504,35.66819577323026,3.0,5.402061855670103
52.277348,-1.50414,2022,16,,25.9282882261679,,0.0,10.928288226167904,0.0,6.75
52.277348,-1.497617,2022,27,,24.183212345253374,,0.1869158878504672,24.37012823310384,4.0,6.962962962962963
52.272517,-1.570058,2022,5,,36.76828133080503,,0.0,21.76828133080503,0.0,5.4
52.272517,-1.562762,2022,17,,35.65989636675218,,0.0,20.659896366752186,0.0,5.529411764705882
52.272517,-1.555381,2022,109,,28.662138289981637,,0.0934579439252336,28.755596233906868,2.0,6.348623853211009
52.272517,-1.548171,2022,38,,31.581233725582702,,0.0467289719626168,31.62796269754532,1.0,6.026315789473684
52.272517,-1.540875,2022,35,,18.17538847981875,,0.0,3.17538847981875,0.0,7.714285714285714
52.272517,-1.533494,2022,163,,25.70679193242545,,0.0934579439252336,25.800249876350684,2.0,6.69375
52.272517,-1.526155,2022,148,,19.70044307365459,,0.1869158878504672,19.88735896150506,4.0,7.472972972972973
52.272517,-1.518688,2022,131,,18.64612202140215,,0.0467289719626168,18.692850993364765,1.0,7.615384615384615
52.272517,-1.511564,2022,55,,22.158274116212407,,0.0467289719626168,22.20500308817502,1.0,7.203703703703703
52.272517,-1.50414,2022,5,,25.57793483882089,,0.0,10.577934838820894,0.0,6.8
52.272517,-1.497617,2022,10,,31.14621616962593,,0.0934579439252336,31.23967411355116,2.0,6.1
52.268551,-1.570058,2022,0,,80.0,,0.0,65.0,0.0,0.0
52.268551,-1.562762,2022,12,,30.603229328276733,,0.0,15.603229328276733,0.0,6.166666666666667
52.268551,-1.555381,2022,86,,27.445815630165185,,0.0467289719626168,27.4925446021278,1.0,6.517647058823529
52.268551,-1.548171,2022,39,,19.55991672523305,,0.0,4.559916725233048,0.0,7.538461538461538
52.268551,-1.540875,2022,47,,22.253014847515043,,0.1869158878504672,22.439930735365508,4.0,7.195652173913044
52.268551,-1.533494,2022,94,,26.65192521665544,,0.1869158878504672,26.838841104505907,4.0,6.613636363636363
52.268551,-1.526155,2022,83,,22.99156564198528,,0.1869158878504672,23.17848152983575,4.0,7.084337349397591
52.268551,-1.518688,2022,29,,16.46897978350938,,0.0467289719626168,16.515708755471994,1.0,7.931034482758621
52.268551,-1.511564,2022,1,,47.99172556455783,,0.0,32.991725564557825,0.0,4.0
52.268551,-1.50414,2022,0,,80.0,,0.0,65.0,0.0,0.0
52.268551,-1.497617,2022,0,,80.0,,0.0,65.0,0.0,0.0
52.295042,-1.570058,2023,104,,20.765907518684806,,0.0,5.765907518684806,0.0,7.355769230769231
52.295042,-1.562762,2023,82,,15.384046346194374,,0.0,0.38404634619437417,0.0,8.048780487804878
52.295042,-1.555381,2023,38,,29.90353506761084,,0.04672897196261682,29.950264039573458,1.0,6.2368421052631575
52.295042,-1.548171,2023,103,,48.72963964164468,,0.09345794392523364,48.823097585569904,2.0,3.796116504854369
52.295042,-1.540875,2023,405,,30.567470013926922,,0.2336448598130841,30.80111487374001,5.0,5.885204081632653
52.295042,-1.533494,2023,591,,31.33688913028385,,1.074766355140187,32.411655485424035,23.0,5.627177700348432
52.295042,-1.526155,2023,157,,29.901851983319098,,0.514018691588785,30.41587067490788,11.0,6.1558441558441555
52.295042,-1.518688,2023,0,,80.0,,0.04672897196261682,80.04672897196262,1.0,0.0
52.295042,-1.511564,2023,0,,80.0,,0.0,65.0,0.0,0.0
52.295042,-1.50414,2023,0,,80.0,,0.0,65.0,0.0,0.0
52.295042,-1.497617,2023,0,,80.0,,0.0,65.0,0.0,0.0
52.290777,-1.570058,2023,122,,23.871849091579456,,0.0,8.87184909157946,0.0,6.950413223140496
52.290777,-1.562762,2023,288,,24.00682079029349,,0.0,9.006820790293489,0.0,6.838596491228071
52.290777,-1.555381,2023,87,,31.69016796486257,,0.09345794392523364,31.783625908787805,2.0,5.977011494252873
52.290777,-1.548171,2023,154,,40.88472909562664,,0.09345794392523364,40.97818703955187,2.0,4.746753246753247
52.290777,-1.540875,2023,998,,30.869006728011776,,1.4018691588785046,32.27087588689028,30.0,5.317297850562948
52.290777,-1.533494,2023,1374,,29.54179843451872,,1.9626168224299063,31.50441525694863,42.0,5.126497005988024
52.290777,-1.526155,2023,204,,32.79641058798174,,0.2803738317757009,33.07678441975743,6.0,5.747474747474747
52.290777,-1.518688,2023,30,,44.33564249187596,,0.18691588785046728,44.52255837972643,4.0,4.428571428571429
52.290777,-1.511564,2023,10,,39.130876388643976,,0.14018691588785046,39.27106330453183,3.0,5.1
52.290777,-1.50414,2023,0,,80.0,,0.0,65.0,0.0,0.0
52.290777,-1.497617,2023,0,,80.0,,0.0,65.0,0.0,0.0
52.286249,-1.570058,2023,73,,39.37541879739023,,0.0,24.375418797390232,0.0,5.013888888888889
52.286249,-1.562762,2023,248,,36.2988593326962,,0.0,21.298859332696203,0.0,5.255144032921811
52.286249,-1.555381,2023,42,,31.76300476106507,,0.04672897196261682,31.809733733027688,1.0,6.0
52.286249,-1.548171,2023,163,,46.715687282082015,,0.09345794392523364,46.809145226007246,2.0,3.9877300613496933
52.286249,-1.540875,2023,485,,37.356392170693,,0.09345794392523364,37.44985011461823,2.0,4.89375
52.286249,-1.533494,2023,813,,26.5242441481516,,2.336448598130841,28.86069274628244,50.0,6.129606099110546
52.286249,-1.526155,2023,263,,31.22839321086804,,0.2336448598130841,31.46203807068113,5.0,5.906614785992218
52.286249,-1.518688,2023,145,,31.344207370834066,,0.14018691588785046,31.484394286721916,3.0,5.979166666666667
52.286249,-1.511564,2023,35,,26.123485401919538,,0.09345794392523364,26.216943345844776,2.0,6.714285714285714
52.286249,-1.50414,2023,0,,80.0,,0.0,65.0,0.0,0.0
52.286249,-1.497617,2023,0,,80.0,,0.0,65.0,0.0,0.0
52.281418,-1.570058,2023,8,,49.92946570269794,,0.0,34.92946570269794,0.0,3.75
52.281418,-1.562762,2023,69,,25.102575539120604,,0.0,10.102575539120608,0.0,6.823529411764706
52.281418,-1.555381,2023,101,,30.958631634632347,,0.09345794392523364,31.052089578557574,2.0,6.06
52.281418,-1.548171,2023,371,,44.962797044360336,,0.32710280373831774,45.289899848098656,7.0,3.9862258953168044
52.281418,-1.540875,2023,344,,37.90515211551028,,0.09345794392523364,37.998610059435514,2.0,4.955882352941177
52.281418,-1.533494,2023,574,,26.240633654021742,,1.02803738317757,27.26867103719931,22.0,6.350533807829182
52.281418,-1.526155,2023,347,,28.77540565046499,,0.2803738317757009,29.0557794822407,6.0,6.168639053254438
52.281418,-1.518688,2023,276,,28.546909506175947,,0.18691588785046728,28.733825394026415,4.0,6.249084249084249
52.281418,-1.511564,2023,153,,31.032871333686,,0.04672897196261682,31.07960030564861,1.0,6.013333333333334
52.281418,-1.50414,2023,24,,28.054679413951987,,0.0,13.054679413951987,0.0,6.478260869565218
52.281418,-1.497617,2023,4,,33.9760183389173,,0.0,18.9760183389173,0.0,5.75
52.277348,-1.570058,2023,7,,30.62881326044789,,0.0,15.628813260447892,0.0,6.166666666666667
52.277348,-1.562762,2023,20,,25.111126785399406,,0.0,10.111126785399403,0.0,6.85
52.277348,-1.555381,2023,137,,29.619674919870963,,0.0,14.619674919870963,0.0,6.205882352941177
52.277348,-1.548171,2023,241,,45.438614526313415,,0.37383177570093457,45.812446302014344,8.0,4.068085106382979
52.277348,-1.540875,2023,107,,31.77358490566038,,0.18691588785046728,31.960500793510842,4.0,5.951923076923077
52.277348,-1.533494,2023,337,,27.88661932319136,,0.32710280373831774,28.21372212692967,7.0,6.293939393939394
52.277348,-1.526155,2023,239,,27.855925372897126,,0.18691588785046728,28.042841260747597,4.0,6.364806866952789
52.277348,-1.518688,2023,213,,27.928933368378676,,0.14018691588785046,28.06912028426652,3.0,6.372641509433962
52.277348,-1.511564,2023,143,,32.307126483109556,,0.14018691588785046,32.44731339899741,3.0,5.857142857142857
52.277348,-1.50414,2023,22,,25.804267324986775,,0.0,10.804267324986775,0.0,6.761904761904762
52.277348,-1.497617,2023,27,,28.014132983274223,,0.18691588785046728,28.20104887112469,4.0,6.481481481481482
52.272517,-1.570058,2023,7,,30.62881326044789,,0.0,15.628813260447892,0.0,6.166666666666667
52.272517,-1.562762,2023,39,,32.18736803078189,,0.0,17.18736803078189,0.0,5.948717948717949
52.272517,-1.555381,2023,121,,24.070266150386704,,0.09345794392523364,24.163724094311938,2.0,6.925619834710743
52.272517,-1.548171,2023,31,,37.98476686708267,,0.04672897196261682,38.031495839045284,1.0,5.225806451612903
52.272517,-1.540875,2023,22,,46.00266106667094,,0.0,31.00266106667094,0.0,4.2272727272727275
52.272517,-1.533494,2023,116,,30.3143416644238,,0.09345794392523364,30.407799608349034,2.0,6.131578947368421
52.272517,-1.526155,2023,130,,22.90022703226944,,0.18691588785046728,23.087142920119913,4.0,7.0703125
52.272517,-1.518688,2023,128,,21.93106374537119,,0.04672897196261682,21.977792717333802,1.0,7.1953125
52.272517,-1.511564,2023,63,,19.84060368401754,,0.04672897196261682,19.88733265598016,1.0,7.492063492063492
52.272517,-1.50414,2023,12,,23.283959325221886,,0.0,8.28395932522189,0.0,7.083333333333333
52.272517,-1.497617,2023,19,,24.339232846708548,,0.09345794392523364,24.43269079063378,2.0,6.947368421052632
52.268551,-1.570058,2023,0,,80.0,,0.0,65.0,0.0,0.0
52.268551,-1.562762,2023,17,,22.05134481935959,,0.0,7.0513448193595885,0.0,7.235294117647059
52.268551,-1.555381,2023,109,,23.2507704577773,,0.04672897196261682,23.297499429739915,1.0,7.036697247706422
52.268551,-1.548171,2023,49,,29.295686251929798,,0.0,14.295686251929798,0.0,6.3061224489795915
52.268551,-1.540875,2023,26,,40.429174070507166,,0.18691588785046728,40.616089958357634,4.0,4.923076923076923
52.268551,-1.533494,2023,61,,29.017809910068774,,0.18691588785046728,29.20472579791924,4.0,6.333333333333333
52.268551,-1.526155,2023,60,,27.502518014638852,,0.18691588785046728,27.68943390248932,4.0,6.52542372881356
52.268551,-1.518688,2023,32,,22.621627578910246,,0.04672897196261682,22.66835655087286,1.0,7.15625
52.268551,-1.511564,2023,3,,0.0,,0.0,-15.0,0.0,10.0
52.268551,-1.50414,2023,0,,80.0,,0.0,65.0,0.0,0.0
52.268551,-1.497617,2023,0,,80.0,,0.0,65.0,0.0,0.0
